Sample number,depth?cm?,Age (yr BP),Age (kyr BP),sand,Silt,clay,"
Average particle size
Mz",Mean grain size (um),Median particle sizeMd???,Median (um),"

Skewness value
Skf???",kurtosisKg???,"

Separation coefficient
?i???",Sediment types1#,2 ,,,1.485 ,68.608 ,29.907 ,7.111 ,7.235 ,6.987 ,7.881 ,-0.139 ,0.994 ,1.734 ,clay silt2#,4 ,,,2.337 ,68.739 ,28.924 ,7.082 ,7.380 ,6.967 ,7.992 ,-0.127 ,1.033 ,1.727 ,clay silt3#,6 ,2025.9 ,2 ,7.673 ,63.454 ,28.873 ,6.951 ,8.083 ,6.884 ,8.465 ,0.081 ,1.426 ,2.270 ,clay silt4#,8 ,2251.7 ,2 ,1.869 ,67.169 ,30.962 ,7.180 ,6.896 ,7.054 ,7.524 ,-0.132 ,1.015 ,1.747 ,clay silt5#,10 ,2477.5 ,2 ,2.646 ,68.568 ,28.786 ,7.064 ,7.471 ,6.950 ,8.089 ,-0.125 ,1.031 ,1.732 ,clay silt6#,12 ,2703.3 ,3 ,4.067 ,67.655 ,28.278 ,7.008 ,7.770 ,6.926 ,8.225 ,-0.084 ,1.062 ,1.788 ,clay silt7#,14 ,2929.1 ,3 ,2.925 ,68.384 ,28.691 ,7.025 ,7.680 ,6.928 ,8.213 ,-0.106 ,1.027 ,1.778 ,clay silt8#,16 ,3154.9 ,3 ,3.389 ,72.312 ,24.299 ,6.721 ,9.481 ,6.568 ,10.541 ,-0.168 ,0.991 ,1.821 ,clay silt9#,18 ,3380.7 ,3 ,1.463 ,67.197 ,31.339 ,7.229 ,6.664 ,7.114 ,7.219 ,-0.130 ,1.024 ,1.682 ,clay silt10#,20 ,3606.5 ,4 ,3.342 ,68.065 ,28.593 ,7.075 ,7.418 ,6.990 ,7.866 ,-0.091 ,1.079 ,1.719 ,clay silt11#,22 ,3832.4 ,4 ,3.862 ,67.351 ,28.787 ,7.060 ,7.495 ,6.984 ,7.898 ,-0.076 ,1.080 ,1.755 ,clay silt12#,24 ,4058.2 ,4 ,4.583 ,69.576 ,25.841 ,6.750 ,9.291 ,6.634 ,10.066 ,-0.128 ,0.973 ,1.893 ,clay silt13#,26 ,4284.0 ,4 ,1.155 ,68.525 ,30.320 ,7.175 ,6.921 ,7.055 ,7.519 ,-0.138 ,1.020 ,1.691 ,clay silt14#,28 ,4509.8 ,5 ,3.542 ,67.192 ,29.265 ,7.081 ,7.387 ,6.978 ,7.932 ,-0.100 ,1.063 ,1.777 ,clay silt15#,30 ,4735.6 ,5 ,1.644 ,69.437 ,28.919 ,7.122 ,7.179 ,7.027 ,7.668 ,-0.112 ,1.069 ,1.676 ,clay silt16#,32 ,4961.4 ,5 ,1.073 ,66.932 ,31.994 ,7.277 ,6.449 ,7.152 ,7.029 ,-0.134 ,1.032 ,1.693 ,clay silt17#,34 ,5187.2 ,5 ,2.393 ,67.246 ,30.362 ,7.188 ,6.859 ,7.090 ,7.342 ,-0.105 ,1.075 ,1.706 ,clay silt18#,36 ,5413.0 ,5 ,0.687 ,67.150 ,32.163 ,7.319 ,6.262 ,7.201 ,6.797 ,-0.139 ,1.041 ,1.618 ,clay silt19#,38 ,5638.8 ,6 ,0.702 ,66.486 ,32.812 ,7.360 ,6.086 ,7.244 ,6.596 ,-0.138 ,1.050 ,1.604 ,clay silt20#,40 ,5864.6 ,6 ,2.362 ,68.592 ,29.047 ,7.133 ,7.123 ,7.064 ,7.473 ,-0.086 ,1.082 ,1.654 ,clay silt21#,42 ,6090.4 ,6 ,1.742 ,70.247 ,28.011 ,6.987 ,7.885 ,6.848 ,8.679 ,-0.154 ,0.994 ,1.796 ,clay silt22#,44 ,6316.2 ,6 ,2.751 ,67.330 ,29.919 ,7.021 ,7.700 ,6.978 ,7.931 ,-0.073 ,0.981 ,1.824 ,clay silt23#,46 ,6542.0 ,7 ,5.599 ,66.504 ,27.897 ,6.909 ,8.321 ,6.897 ,8.392 ,-0.030 ,1.051 ,1.873 ,clay silt24#,48 ,6767.8 ,7 ,7.394 ,63.857 ,28.749 ,6.832 ,8.780 ,6.835 ,8.760 ,-0.028 ,0.988 ,2.017 ,clay silt25#,50 ,6993.6 ,7 ,6.481 ,67.122 ,26.398 ,6.768 ,9.175 ,6.757 ,9.247 ,-0.040 ,1.008 ,1.913 ,clay silt26#,52 ,7219.5 ,7 ,4.512 ,71.476 ,24.012 ,6.669 ,9.831 ,6.560 ,10.601 ,-0.130 ,0.979 ,1.828 ,clay silt27#,54 ,7445.3 ,7 ,2.770 ,74.596 ,22.635 ,6.617 ,10.186 ,6.435 ,11.560 ,-0.202 ,0.973 ,1.772 ,clay silt28#,56 ,7671.1 ,8 ,7.674 ,65.422 ,26.904 ,6.720 ,9.488 ,6.686 ,9.715 ,-0.062 ,0.971 ,2.019 ,clay silt29#,58 ,7896.9 ,8 ,6.899 ,68.547 ,24.554 ,6.624 ,10.136 ,6.512 ,10.961 ,-0.121 ,0.983 ,1.957 ,clay silt30#,60 ,8122.7 ,8 ,7.573 ,68.560 ,23.867 ,6.569 ,10.534 ,6.472 ,11.264 ,-0.110 ,0.978 ,1.955 ,clay silt31#,62 ,8348.5 ,8 ,2.168 ,73.286 ,24.547 ,6.799 ,8.982 ,6.672 ,9.809 ,-0.154 ,0.995 ,1.724 ,clay silt32#,64 ,8574.3 ,9 ,7.088 ,67.786 ,25.126 ,6.638 ,10.044 ,6.528 ,10.833 ,-0.118 ,0.972 ,1.984 ,clay silt33#,66 ,8800.1 ,9 ,2.681 ,68.304 ,29.015 ,7.013 ,7.740 ,6.941 ,8.136 ,-0.096 ,1.003 ,1.803 ,clay silt34#,68 ,9049.8 ,9 ,1.896 ,67.578 ,30.526 ,7.140 ,7.090 ,7.110 ,7.237 ,-0.060 ,1.030 ,1.697 ,clay silt35#,70 ,9323.4 ,9 ,3.798 ,59.572 ,36.631 ,7.418 ,5.847 ,7.403 ,5.908 ,-0.004 ,1.110 ,1.778 ,clay silt36#,72 ,9597.1 ,10 ,3.826 ,58.971 ,37.203 ,7.391 ,5.956 ,7.393 ,5.950 ,0.004 ,1.063 ,1.866 ,clay silt37#,74 ,9870.7 ,10 ,1.995 ,62.441 ,35.565 ,7.357 ,6.100 ,7.344 ,6.154 ,-0.031 ,1.043 ,1.748 ,clay silt38#,76 ,10144.3 ,10 ,10.023 ,62.269 ,27.708 ,6.667 ,9.843 ,6.772 ,9.151 ,0.024 ,0.927 ,2.089 ,clay silt39#,78 ,10417.9 ,10 ,29.881 ,50.867 ,19.253 ,5.621 ,20.321 ,5.206 ,27.096 ,-0.281 ,0.813 ,2.328 ,"

sandy silt
"40#,80 ,10691.6 ,11 ,40.924 ,41.400 ,17.677 ,5.129 ,28.569 ,4.680 ,39.010 ,-0.249 ,0.848 ,2.684 ,"

sandy silt
"41#,82 ,10965.2 ,11 ,5.245 ,62.951 ,31.804 ,7.064 ,7.475 ,7.065 ,7.468 ,-0.016 ,1.016 ,1.930 ,clay silt42#,84 ,11238.8 ,11 ,3.652 ,66.280 ,30.068 ,7.011 ,7.754 ,6.978 ,7.931 ,-0.057 ,0.990 ,1.835 ,clay silt43#,86 ,11512.4 ,12 ,6.562 ,63.624 ,29.814 ,6.928 ,8.215 ,6.949 ,8.093 ,0.000 ,1.020 ,1.957 ,clay silt44#,88 ,11786.1 ,12 ,1.284 ,66.550 ,32.166 ,7.153 ,7.025 ,7.088 ,7.348 ,-0.094 ,0.953 ,1.766 ,clay silt45#,90 ,12059.7 ,12 ,2.366 ,67.042 ,30.592 ,7.091 ,7.333 ,7.063 ,7.479 ,-0.058 ,1.003 ,1.753 ,clay silt46#,92 ,12333.3 ,12 ,4.503 ,69.692 ,25.805 ,6.849 ,8.672 ,6.906 ,8.337 ,0.016 ,1.028 ,1.724 ,clay silt47#,94 ,12606.9 ,13 ,2.679 ,65.764 ,31.557 ,7.144 ,7.069 ,7.108 ,7.249 ,-0.060 ,1.009 ,1.759 ,clay silt48#,96 ,12880.6 ,13 ,3.581 ,63.620 ,32.800 ,7.198 ,6.812 ,7.183 ,6.882 ,-0.029 ,1.046 ,1.801 ,clay silt49#,98 ,13154.2 ,13 ,3.777 ,64.912 ,31.311 ,7.111 ,7.236 ,7.121 ,7.184 ,-0.014 ,1.042 ,1.795 ,clay silt50#,100 ,13427.8 ,13 ,2.911 ,63.971 ,33.118 ,7.225 ,6.687 ,7.226 ,6.678 ,-0.022 ,1.047 ,1.767 ,clay silt51#,102 ,13701.4 ,14 ,0.504 ,60.962 ,38.533 ,7.550 ,5.338 ,7.556 ,5.312 ,-0.014 ,1.117 ,1.560 ,clay silt52#,104 ,13975.1 ,14 ,1.848 ,63.608 ,34.544 ,7.363 ,6.073 ,7.354 ,6.112 ,-0.025 ,1.100 ,1.658 ,clay silt53#,106 ,14248.7 ,14 ,1.693 ,64.340 ,33.967 ,7.355 ,6.107 ,7.354 ,6.114 ,-0.021 ,1.113 ,1.615 ,clay silt54#,108 ,14522.3 ,15 ,2.745 ,62.260 ,34.995 ,7.357 ,6.101 ,7.353 ,6.118 ,-0.012 ,1.106 ,1.735 ,clay silt55#,110 ,14795.9 ,15 ,2.465 ,63.002 ,34.533 ,7.385 ,5.984 ,7.371 ,6.040 ,-0.020 ,1.133 ,1.637 ,clay silt56#,112 ,15069.6 ,15 ,1.810 ,62.987 ,35.203 ,7.410 ,5.882 ,7.401 ,5.917 ,-0.023 ,1.117 ,1.625 ,clay silt57#,114 ,15343.2 ,15 ,2.567 ,63.187 ,34.246 ,7.354 ,6.111 ,7.357 ,6.101 ,-0.008 ,1.125 ,1.647 ,clay silt58#,116 ,15768.5 ,16 ,2.232 ,62.097 ,35.671 ,7.434 ,5.784 ,7.420 ,5.839 ,-0.024 ,1.122 ,1.625 ,clay silt59#,118 ,16345.4 ,16 ,2.598 ,62.539 ,34.864 ,7.393 ,5.950 ,7.386 ,5.978 ,-0.013 ,1.135 ,1.643 ,clay silt60#,120 ,16922.3 ,17 ,1.882 ,64.463 ,33.655 ,7.327 ,6.228 ,7.314 ,6.284 ,-0.032 ,1.089 ,1.652 ,clay silt61#,122 ,17499.2 ,17 ,1.614 ,66.339 ,32.047 ,7.197 ,6.815 ,7.155 ,7.017 ,-0.071 ,1.012 ,1.752 ,clay silt62#,124 ,18076.1 ,18 ,2.317 ,70.588 ,27.095 ,6.906 ,8.339 ,6.811 ,8.907 ,-0.123 ,0.982 ,1.780 ,clay silt63#,126 ,18653.0 ,19 ,14.880 ,60.668 ,24.452 ,6.404 ,11.806 ,6.562 ,10.585 ,0.053 ,0.935 ,2.176 ,clay silt64#,128 ,19230.0 ,19 ,4.925 ,68.591 ,26.484 ,6.891 ,8.424 ,6.817 ,8.868 ,-0.082 ,1.068 ,1.833 ,clay silt65#,130 ,19806.9 ,20 ,6.749 ,67.744 ,25.507 ,6.746 ,9.315 ,6.637 ,10.048 ,-0.090 ,1.062 ,1.951 ,clay silt66#,132 ,20383.8 ,20 ,4.267 ,70.075 ,25.657 ,6.734 ,9.392 ,6.601 ,10.302 ,-0.147 ,0.965 ,1.893 ,clay silt67#,134 ,20960.7 ,21 ,3.040 ,69.314 ,27.646 ,6.913 ,8.296 ,6.821 ,8.845 ,-0.114 ,0.988 ,1.819 ,clay silt68#,136 ,21537.6 ,22 ,5.043 ,69.338 ,25.618 ,6.686 ,9.710 ,6.537 ,10.767 ,-0.155 ,0.948 ,1.940 ,clay silt69#,138 ,22114.5 ,22 ,4.624 ,69.291 ,26.085 ,6.738 ,9.367 ,6.604 ,10.278 ,-0.142 ,0.958 ,1.910 ,clay silt70#,140 ,22691.5 ,23 ,5.098 ,69.413 ,25.489 ,6.704 ,9.592 ,6.589 ,10.386 ,-0.129 ,0.964 ,1.908 ,clay silt71#,142 ,23268.4 ,23 ,4.920 ,69.588 ,25.492 ,6.734 ,9.392 ,6.628 ,10.111 ,-0.121 ,0.983 ,1.887 ,clay silt72#,144 ,23845.3 ,24 ,1.870 ,72.207 ,25.923 ,6.866 ,8.571 ,6.723 ,9.466 ,-0.167 ,0.990 ,1.746 ,clay silt73#,146 ,24422.2 ,24 ,4.419 ,71.254 ,24.327 ,6.682 ,9.739 ,6.539 ,10.757 ,-0.154 ,0.981 ,1.844 ,clay silt74#,148 ,24999.1 ,25 ,3.732 ,69.905 ,26.363 ,6.811 ,8.905 ,6.674 ,9.797 ,-0.147 ,0.981 ,1.869 ,clay silt75#,150 ,25576.0 ,26 ,5.601 ,69.339 ,25.059 ,6.676 ,9.779 ,6.558 ,10.616 ,-0.130 ,0.973 ,1.919 ,clay silt76#,152 ,26153.0 ,26 ,4.657 ,70.368 ,24.975 ,6.707 ,9.572 ,6.560 ,10.600 ,-0.151 ,0.979 ,1.876 ,clay silt77#,154 ,26729.9 ,27 ,3.153 ,68.638 ,28.209 ,6.937 ,8.163 ,6.845 ,8.696 ,-0.111 ,0.987 ,1.857 ,clay silt78#,156 ,27306.8 ,27 ,1.732 ,69.371 ,28.896 ,7.017 ,7.723 ,6.878 ,8.502 ,-0.151 ,0.975 ,1.797 ,clay silt79#,158 ,27883.7 ,28 ,4.440 ,70.815 ,24.745 ,6.707 ,9.569 ,6.577 ,10.476 ,-0.144 ,0.984 ,1.864 ,clay silt80#,160 ,28460.6 ,28 ,2.767 ,69.805 ,27.428 ,6.918 ,8.271 ,6.794 ,9.014 ,-0.138 ,0.993 ,1.824 ,clay silt81#,162 ,29037.5 ,29 ,3.401 ,68.296 ,28.304 ,6.947 ,8.108 ,6.880 ,8.492 ,-0.090 ,0.998 ,1.834 ,clay silt82#,164 ,,0 ,2.948 ,68.211 ,28.841 ,7.000 ,7.811 ,6.915 ,8.284 ,-0.102 ,1.007 ,1.819 ,clay silt83#,166 ,,0 ,3.631 ,69.804 ,26.565 ,6.833 ,8.771 ,6.725 ,9.451 ,-0.125 ,0.986 ,1.850 ,clay silt84#,168 ,,0 ,3.622 ,69.837 ,26.541 ,6.831 ,8.785 ,6.719 ,9.493 ,-0.128 ,0.984 ,1.844 ,clay silt85#,170 ,,0 ,2.581 ,71.162 ,26.257 ,6.878 ,8.504 ,6.760 ,9.227 ,-0.140 ,1.004 ,1.784 ,clay silt86#,172 ,,0 ,4.385 ,70.644 ,24.971 ,6.723 ,9.465 ,6.616 ,10.193 ,-0.128 ,0.984 ,1.860 ,clay silt87#,174 ,,0 ,1.299 ,72.623 ,26.078 ,6.917 ,8.274 ,6.768 ,9.177 ,-0.176 ,0.999 ,1.701 ,clay silt88#,176 ,,0 ,1.676 ,73.130 ,25.194 ,6.849 ,8.673 ,6.708 ,9.565 ,-0.169 ,0.995 ,1.712 ,clay silt89#,178 ,,0 ,2.736 ,73.267 ,23.998 ,6.705 ,9.584 ,6.559 ,10.607 ,-0.169 ,0.968 ,1.773 ,clay silt90#,180 ,,0 ,2.991 ,71.845 ,25.164 ,6.761 ,9.221 ,6.615 ,10.199 ,-0.162 ,0.974 ,1.811 ,clay silt91#,182 ,,0 ,2.573 ,72.326 ,25.100 ,6.775 ,9.130 ,6.638 ,10.039 ,-0.160 ,0.972 ,1.779 ,clay silt92#,184 ,,0 ,4.172 ,70.204 ,25.624 ,6.751 ,9.283 ,6.649 ,9.962 ,-0.123 ,0.970 ,1.854 ,clay silt93#,186 ,,0 ,4.344 ,71.021 ,24.635 ,6.688 ,9.699 ,6.551 ,10.666 ,-0.151 ,0.972 ,1.857 ,clay silt94#,188 ,,0 ,2.510 ,73.539 ,23.950 ,6.702 ,9.608 ,6.513 ,10.946 ,-0.202 ,0.975 ,1.785 ,clay silt95#,190 ,,0 ,2.757 ,70.264 ,26.979 ,6.885 ,8.460 ,6.752 ,9.278 ,-0.149 ,0.986 ,1.834 ,clay silt96#,192 ,,0 ,1.048 ,75.826 ,23.126 ,6.739 ,9.360 ,6.516 ,10.925 ,-0.246 ,1.000 ,1.688 ,clay silt97#,194 ,,0 ,1.702 ,75.234 ,23.064 ,6.729 ,9.428 ,6.559 ,10.605 ,-0.196 ,0.995 ,1.692 ,clay silt98#,196 ,,0 ,5.545 ,70.991 ,23.464 ,6.573 ,10.502 ,6.415 ,11.721 ,-0.168 ,0.966 ,1.906 ,clay silt99#,198 ,,0 ,2.963 ,69.740 ,27.297 ,6.894 ,8.409 ,6.813 ,8.895 ,-0.109 ,0.986 ,1.816 ,clay silt100#,200 ,,0 ,4.379 ,71.658 ,23.963 ,6.638 ,10.042 ,6.461 ,11.354 ,-0.182 ,0.972 ,1.868 ,clay silt101#,202 ,,0 ,3.355 ,71.784 ,24.861 ,6.706 ,9.577 ,6.526 ,10.848 ,-0.186 ,0.961 ,1.853 ,clay silt102#,204 ,,0 ,5.194 ,69.922 ,24.883 ,6.646 ,9.984 ,6.486 ,11.159 ,-0.164 ,0.953 ,1.926 ,clay silt103#,206 ,,0 ,2.123 ,71.784 ,26.093 ,6.825 ,8.819 ,6.676 ,9.778 ,-0.169 ,0.963 ,1.802 ,clay silt104#,208 ,,0 ,4.291 ,71.127 ,24.583 ,6.678 ,9.768 ,6.538 ,10.764 ,-0.154 ,0.965 ,1.861 ,clay silt105#,210 ,,0 ,3.351 ,73.808 ,22.842 ,6.627 ,10.120 ,6.441 ,11.514 ,-0.200 ,0.991 ,1.806 ,clay silt106#,212 ,,0 ,0.643 ,74.124 ,25.233 ,6.869 ,8.555 ,6.687 ,9.705 ,-0.209 ,0.985 ,1.688 ,clay silt107#,214 ,,0 ,3.868 ,71.394 ,24.738 ,6.678 ,9.769 ,6.521 ,10.890 ,-0.168 ,0.949 ,1.857 ,clay silt108#,216 ,,0 ,1.473 ,73.885 ,24.642 ,6.783 ,9.079 ,6.571 ,10.515 ,-0.225 ,0.976 ,1.741 ,clay silt109#,218 ,,0 ,5.070 ,72.558 ,22.372 ,6.524 ,10.864 ,6.325 ,12.472 ,-0.201 ,0.974 ,1.867 ,clay silt110#,220 ,,0 ,3.205 ,71.503 ,25.292 ,6.783 ,9.079 ,6.636 ,10.057 ,-0.162 ,0.989 ,1.813 ,clay silt111#,222 ,,0 ,3.743 ,69.592 ,26.665 ,6.850 ,8.671 ,6.754 ,9.266 ,-0.115 ,0.996 ,1.845 ,clay silt112#,224 ,,0 ,5.117 ,70.668 ,24.216 ,6.684 ,9.727 ,6.558 ,10.611 ,-0.137 ,1.006 ,1.872 ,clay silt113#,226 ,,0 ,1.746 ,75.990 ,22.265 ,6.703 ,9.598 ,6.509 ,10.978 ,-0.220 ,1.027 ,1.692 ,clay silt114#,228 ,,0 ,3.146 ,76.274 ,20.580 ,6.563 ,10.579 ,6.372 ,12.073 ,-0.212 ,1.038 ,1.723 ,clay silt115#,230 ,,0 ,1.905 ,76.758 ,21.337 ,6.658 ,9.902 ,6.459 ,11.368 ,-0.226 ,1.047 ,1.687 ,clay silt116#,232 ,,0 ,1.150 ,77.932 ,20.918 ,6.661 ,9.881 ,6.450 ,11.440 ,-0.247 ,1.045 ,1.637 ,clay silt117#,234 ,,0 ,2.503 ,76.563 ,20.934 ,6.607 ,10.261 ,6.399 ,11.852 ,-0.230 ,1.050 ,1.712 ,clay silt118#,236 ,,0 ,3.136 ,72.694 ,24.170 ,6.752 ,9.276 ,6.602 ,10.294 ,-0.170 ,1.019 ,1.801 ,clay silt119#,238 ,,0 ,5.056 ,71.651 ,23.293 ,6.636 ,10.052 ,6.531 ,10.812 ,-0.128 ,1.000 ,1.839 ,clay silt120#,240 ,,0 ,3.401 ,71.996 ,24.603 ,6.754 ,9.268 ,6.627 ,10.115 ,-0.148 ,1.002 ,1.808 ,clay silt121#,242 ,,0 ,4.122 ,74.512 ,21.366 ,6.588 ,10.392 ,6.408 ,11.778 ,-0.192 ,1.043 ,1.765 ,clay silt122#,244 ,,0 ,5.054 ,69.601 ,25.344 ,6.722 ,9.471 ,6.732 ,9.409 ,-0.034 ,0.950 ,1.809 ,clay silt123#,246 ,,0 ,3.252 ,74.234 ,22.514 ,6.729 ,9.428 ,6.603 ,10.287 ,-0.149 ,1.054 ,1.701 ,clay silt124#,248 ,,0 ,4.528 ,75.441 ,20.032 ,6.478 ,11.221 ,6.288 ,12.798 ,-0.204 ,1.032 ,1.764 ,clay silt125#,250 ,,0 ,1.911 ,79.415 ,18.674 ,6.498 ,11.067 ,6.280 ,12.870 ,-0.256 ,1.065 ,1.635 ,Medium fine silt126#,252 ,,0 ,4.128 ,72.479 ,23.393 ,6.685 ,9.720 ,6.586 ,10.411 ,-0.125 ,1.006 ,1.786 ,clay silt127#,254 ,,0 ,2.943 ,74.882 ,22.175 ,6.682 ,9.736 ,6.519 ,10.902 ,-0.184 ,1.041 ,1.724 ,clay silt128#,256 ,,0 ,5.504 ,71.148 ,23.347 ,6.622 ,10.156 ,6.526 ,10.852 ,-0.117 ,0.992 ,1.848 ,clay silt129#,258 ,,0 ,3.366 ,73.417 ,23.218 ,6.666 ,9.850 ,6.530 ,10.823 ,-0.160 ,0.987 ,1.779 ,clay silt130#,260 ,,0 ,3.124 ,76.400 ,20.476 ,6.593 ,10.361 ,6.434 ,11.565 ,-0.187 ,1.053 ,1.694 ,clay silt131#,262 ,,0 ,1.102 ,78.492 ,20.406 ,6.673 ,9.800 ,6.502 ,11.036 ,-0.219 ,1.058 ,1.592 ,clay silt132#,264 ,,0 ,2.479 ,77.314 ,20.207 ,6.599 ,10.313 ,6.427 ,11.620 ,-0.205 ,1.055 ,1.661 ,clay silt133#,266 ,,0 ,2.289 ,75.925 ,21.785 ,6.691 ,9.680 ,6.523 ,10.877 ,-0.197 ,1.048 ,1.686 ,clay silt134#,268 ,,0 ,3.767 ,72.333 ,23.900 ,6.704 ,9.590 ,6.593 ,10.359 ,-0.137 ,0.995 ,1.798 ,clay silt135#,270 ,,0 ,3.656 ,76.102 ,20.242 ,6.544 ,10.717 ,6.379 ,12.015 ,-0.191 ,1.044 ,1.723 ,clay silt136#,272 ,,0 ,2.078 ,77.723 ,20.199 ,6.617 ,10.186 ,6.456 ,11.391 ,-0.199 ,1.046 ,1.632 ,clay silt137#,274 ,,0 ,4.061 ,73.956 ,21.983 ,6.620 ,10.166 ,6.500 ,11.050 ,-0.144 ,1.014 ,1.755 ,clay silt138#,276 ,,0 ,3.898 ,75.752 ,20.350 ,6.518 ,10.909 ,6.382 ,11.987 ,-0.165 ,0.999 ,1.727 ,clay silt139#,278 ,,0 ,1.944 ,76.325 ,21.731 ,6.650 ,9.960 ,6.488 ,11.140 ,-0.194 ,1.002 ,1.683 ,clay silt140#,280 ,,0 ,3.660 ,75.800 ,20.540 ,6.577 ,10.476 ,6.428 ,11.616 ,-0.175 ,1.044 ,1.710 ,clay silt141#,282 ,,0 ,4.161 ,76.469 ,19.370 ,6.507 ,10.994 ,6.374 ,12.055 ,-0.159 ,1.033 ,1.685 ,Medium fine silt142#,284 ,,0 ,4.479 ,75.408 ,20.113 ,6.522 ,10.883 ,6.371 ,12.081 ,-0.172 ,1.044 ,1.738 ,clay silt143#,286 ,,0 ,4.082 ,74.505 ,21.413 ,6.601 ,10.299 ,6.432 ,11.580 ,-0.184 ,1.048 ,1.764 ,clay silt144#,288 ,,0 ,2.838 ,73.106 ,24.056 ,6.760 ,9.226 ,6.642 ,10.016 ,-0.145 ,1.004 ,1.741 ,clay silt145#,290 ,,0 ,4.539 ,72.198 ,23.263 ,6.623 ,10.144 ,6.507 ,10.996 ,-0.140 ,0.977 ,1.828 ,clay silt146#,292 ,,0 ,1.686 ,73.696 ,24.618 ,6.804 ,8.952 ,6.648 ,9.969 ,-0.181 ,0.989 ,1.720 ,clay silt147#,294 ,,0 ,4.801 ,73.251 ,21.948 ,6.593 ,10.362 ,6.448 ,11.451 ,-0.158 ,1.024 ,1.796 ,clay silt148#,296 ,,0 ,3.630 ,71.566 ,24.803 ,6.749 ,9.296 ,6.638 ,10.040 ,-0.135 ,0.992 ,1.814 ,clay silt149#,298 ,,0 ,2.690 ,73.476 ,23.835 ,6.801 ,8.970 ,6.656 ,9.914 ,-0.165 ,1.047 ,1.724 ,clay silt150#,300 ,,0 ,3.235 ,76.164 ,20.601 ,6.568 ,10.539 ,6.388 ,11.944 ,-0.201 ,1.036 ,1.715 ,clay silt151#,302 ,,0 ,2.874 ,77.126 ,20.000 ,6.572 ,10.509 ,6.394 ,11.895 ,-0.209 ,1.061 ,1.678 ,clay silt152#,304 ,,0 ,2.486 ,78.430 ,19.084 ,6.511 ,10.963 ,6.319 ,12.527 ,-0.229 ,1.063 ,1.666 ,Medium fine silt153#,306 ,,0 ,5.034 ,74.157 ,20.808 ,6.534 ,10.792 ,6.379 ,12.015 ,-0.169 ,1.041 ,1.782 ,clay silt154#,308 ,,0 ,1.800 ,75.746 ,22.455 ,6.753 ,9.269 ,6.600 ,10.306 ,-0.184 ,1.044 ,1.660 ,clay silt155#,310 ,,0 ,3.718 ,75.703 ,20.579 ,6.549 ,10.679 ,6.389 ,11.929 ,-0.185 ,1.031 ,1.735 ,clay silt156#,312 ,,0 ,2.714 ,75.501 ,21.786 ,6.646 ,9.986 ,6.479 ,11.211 ,-0.193 ,1.031 ,1.727 ,clay silt157#,314 ,,0 ,3.860 ,73.732 ,22.408 ,6.647 ,9.981 ,6.509 ,10.978 ,-0.159 ,1.017 ,1.765 ,clay silt158#,316 ,,0 ,1.858 ,79.088 ,19.055 ,6.524 ,10.864 ,6.316 ,12.548 ,-0.246 ,1.055 ,1.636 ,Medium fine silt159#,318 ,,0 ,4.453 ,76.001 ,19.546 ,6.465 ,11.323 ,6.276 ,12.908 ,-0.207 ,1.050 ,1.751 ,Medium fine silt160#,320 ,,0 ,1.601 ,76.225 ,22.174 ,6.739 ,9.359 ,6.566 ,10.552 ,-0.205 ,1.047 ,1.657 ,clay silt161#,322 ,,0 ,2.550 ,75.469 ,21.981 ,6.678 ,9.764 ,6.510 ,10.976 ,-0.194 ,1.042 ,1.713 ,clay silt162#,324 ,,0 ,2.451 ,76.701 ,20.848 ,6.623 ,10.148 ,6.450 ,11.436 ,-0.203 ,1.045 ,1.681 ,clay silt163#,326 ,,0 ,4.270 ,73.517 ,22.214 ,6.612 ,10.223 ,6.482 ,11.190 ,-0.152 ,1.008 ,1.783 ,clay silt164#,328 ,,0 ,2.508 ,75.601 ,21.890 ,6.648 ,9.971 ,6.475 ,11.242 ,-0.199 ,1.018 ,1.715 ,clay silt165#,330 ,,0 ,2.479 ,75.758 ,21.763 ,6.674 ,9.793 ,6.497 ,11.068 ,-0.202 ,1.045 ,1.701 ,clay silt166#,332 ,,0 ,2.585 ,73.869 ,23.546 ,6.798 ,8.989 ,6.649 ,9.966 ,-0.170 ,1.050 ,1.703 ,clay silt167#,334 ,,0 ,2.750 ,73.630 ,23.619 ,6.723 ,9.467 ,6.583 ,10.431 ,-0.164 ,0.997 ,1.746 ,clay silt168#,336 ,,0 ,0.966 ,76.659 ,22.375 ,6.782 ,9.089 ,6.601 ,10.299 ,-0.218 ,1.051 ,1.623 ,clay silt169#,338 ,,0 ,3.404 ,75.418 ,21.178 ,6.589 ,10.391 ,6.406 ,11.792 ,-0.201 ,1.033 ,1.741 ,clay silt170#,340 ,,0 ,3.390 ,75.866 ,20.745 ,6.575 ,10.488 ,6.380 ,12.004 ,-0.214 ,1.056 ,1.738 ,clay silt171#,342 ,,0 ,3.091 ,74.612 ,22.297 ,6.695 ,9.654 ,6.533 ,10.799 ,-0.182 ,1.052 ,1.731 ,clay silt172#,344 ,,0 ,3.037 ,75.395 ,21.568 ,6.640 ,10.028 ,6.474 ,11.253 ,-0.190 ,1.042 ,1.723 ,clay silt173#,346 ,,0 ,3.009 ,76.032 ,20.958 ,6.618 ,10.184 ,6.450 ,11.442 ,-0.193 ,1.046 ,1.698 ,clay silt174#,348 ,,0 ,3.564 ,74.140 ,22.295 ,6.629 ,10.105 ,6.453 ,11.414 ,-0.191 ,1.019 ,1.782 ,clay silt175#,350 ,,0 ,3.758 ,75.726 ,20.516 ,6.567 ,10.546 ,6.402 ,11.823 ,-0.187 ,1.053 ,1.726 ,clay silt176#,352 ,,0 ,3.684 ,74.097 ,22.219 ,6.638 ,10.038 ,6.475 ,11.246 ,-0.181 ,1.030 ,1.771 ,clay silt177#,354 ,,0 ,2.169 ,76.781 ,21.050 ,6.637 ,10.049 ,6.458 ,11.377 ,-0.210 ,1.044 ,1.682 ,clay silt178#,356 ,,0 ,3.029 ,77.117 ,19.854 ,6.519 ,10.901 ,6.335 ,12.390 ,-0.213 ,1.033 ,1.703 ,Medium fine silt179#,358 ,,0 ,3.751 ,76.266 ,19.983 ,6.539 ,10.752 ,6.370 ,12.090 ,-0.192 ,1.056 ,1.712 ,Medium fine silt180#,360 ,,0 ,3.573 ,75.625 ,20.803 ,6.573 ,10.501 ,6.398 ,11.859 ,-0.197 ,1.047 ,1.741 ,clay silt181#,362 ,,0 ,2.280 ,76.065 ,21.655 ,6.647 ,9.976 ,6.445 ,11.476 ,-0.224 ,1.036 ,1.721 ,clay silt182#,364 ,,0 ,5.456 ,71.629 ,22.915 ,6.637 ,10.048 ,6.518 ,10.909 ,-0.129 ,1.029 ,1.835 ,clay silt183#,366 ,,0 ,1.591 ,77.788 ,20.620 ,6.612 ,10.225 ,6.392 ,11.910 ,-0.250 ,1.047 ,1.673 ,clay silt184#,368 ,,0 ,3.995 ,73.781 ,22.224 ,6.627 ,10.115 ,6.465 ,11.319 ,-0.176 ,1.026 ,1.783 ,clay silt185#,370 ,,0 ,2.303 ,74.030 ,23.668 ,6.768 ,9.179 ,6.603 ,10.287 ,-0.186 ,1.027 ,1.739 ,clay silt186#,372 ,,0 ,1.738 ,72.929 ,25.333 ,6.913 ,8.296 ,6.776 ,9.125 ,-0.161 ,1.036 ,1.685 ,clay silt187#,374 ,,0 ,3.312 ,74.750 ,21.938 ,6.635 ,10.062 ,6.442 ,11.499 ,-0.206 ,1.039 ,1.763 ,clay silt188#,376 ,,0 ,1.296 ,74.012 ,24.692 ,6.902 ,8.362 ,6.745 ,9.325 ,-0.186 ,1.046 ,1.663 ,clay silt189#,378 ,,0 ,2.496 ,75.825 ,21.680 ,6.653 ,9.934 ,6.468 ,11.299 ,-0.208 ,1.036 ,1.712 ,clay silt190#,380 ,,0 ,4.199 ,74.339 ,21.462 ,6.575 ,10.490 ,6.394 ,11.889 ,-0.193 ,1.034 ,1.787 ,clay silt191#,382 ,,0 ,1.206 ,78.558 ,20.235 ,6.598 ,10.323 ,6.363 ,12.148 ,-0.268 ,1.052 ,1.653 ,clay silt192#,384 ,,0 ,1.581 ,74.884 ,23.534 ,6.750 ,9.293 ,6.561 ,10.593 ,-0.211 ,0.999 ,1.715 ,clay silt193#,386 ,,0 ,1.103 ,77.161 ,21.737 ,6.704 ,9.592 ,6.491 ,11.116 ,-0.244 ,1.039 ,1.656 ,clay silt194#,388 ,,0 ,3.799 ,72.656 ,23.545 ,6.712 ,9.537 ,6.581 ,10.442 ,-0.147 ,1.020 ,1.784 ,clay silt195#,390 ,,0 ,1.697 ,75.552 ,22.751 ,6.761 ,9.223 ,6.586 ,10.410 ,-0.203 ,1.037 ,1.672 ,clay silt196#,392 ,,0 ,3.486 ,74.983 ,21.531 ,6.610 ,10.237 ,6.434 ,11.565 ,-0.192 ,1.031 ,1.744 ,clay silt197#,394 ,,0 ,4.295 ,74.336 ,21.370 ,6.581 ,10.445 ,6.422 ,11.663 ,-0.172 ,1.025 ,1.756 ,clay silt198#,396 ,,0 ,3.068 ,75.131 ,21.801 ,6.660 ,9.887 ,6.492 ,11.108 ,-0.189 ,1.046 ,1.724 ,clay silt199#,398 ,,0 ,3.395 ,74.827 ,21.777 ,6.654 ,9.929 ,6.492 ,11.113 ,-0.182 ,1.053 ,1.736 ,clay silt200#,400 ,,0 ,3.482 ,75.245 ,21.273 ,6.592 ,10.370 ,6.395 ,11.882 ,-0.210 ,1.041 ,1.754 ,clay silt201#,402 ,,0 ,3.027 ,74.187 ,22.786 ,6.702 ,9.606 ,6.529 ,10.827 ,-0.189 ,1.037 ,1.757 ,clay silt202#,404 ,,0 ,1.883 ,73.013 ,25.104 ,6.854 ,8.643 ,6.676 ,9.782 ,-0.194 ,1.016 ,1.749 ,clay silt203#,406 ,,0 ,1.329 ,77.105 ,21.566 ,6.673 ,9.803 ,6.437 ,11.539 ,-0.259 ,1.043 ,1.683 ,clay silt204#,408 ,,0 ,3.750 ,75.384 ,20.866 ,6.574 ,10.498 ,6.397 ,11.869 ,-0.196 ,1.047 ,1.747 ,clay silt205#,410 ,,0 ,3.862 ,73.775 ,22.363 ,6.644 ,10.001 ,6.480 ,11.200 ,-0.177 ,1.027 ,1.774 ,clay silt206#,412 ,,0 ,4.852 ,72.881 ,22.267 ,6.601 ,10.302 ,6.456 ,11.391 ,-0.155 ,1.013 ,1.802 ,clay silt207#,414 ,,0 ,3.609 ,72.556 ,23.835 ,6.714 ,9.525 ,6.580 ,10.454 ,-0.152 ,1.002 ,1.787 ,clay silt208#,416 ,,0 ,5.195 ,73.976 ,20.829 ,6.511 ,10.965 ,6.341 ,12.338 ,-0.179 ,1.030 ,1.799 ,clay silt209#,418 ,,0 ,3.752 ,75.914 ,20.334 ,6.541 ,10.738 ,6.354 ,12.229 ,-0.205 ,1.049 ,1.734 ,clay silt210#,420 ,,0 ,3.150 ,75.094 ,21.756 ,6.647 ,9.980 ,6.465 ,11.318 ,-0.198 ,1.045 ,1.735 ,clay silt211#,422 ,,0 ,1.314 ,75.653 ,23.034 ,6.776 ,9.127 ,6.606 ,10.268 ,-0.202 ,1.030 ,1.672 ,clay silt212#,424 ,,0 ,1.746 ,74.843 ,23.411 ,6.793 ,9.019 ,6.624 ,10.141 ,-0.196 ,1.037 ,1.691 ,clay silt213#,426 ,,0 ,4.029 ,74.973 ,20.997 ,6.544 ,10.716 ,6.350 ,12.263 ,-0.207 ,1.030 ,1.773 ,clay silt214#,428 ,,0 ,4.570 ,74.601 ,20.830 ,6.511 ,10.962 ,6.315 ,12.562 ,-0.206 ,1.029 ,1.798 ,clay silt215#,430 ,,0 ,5.023 ,73.478 ,21.500 ,6.553 ,10.652 ,6.381 ,11.995 ,-0.179 ,1.030 ,1.811 ,clay silt216#,432 ,,0 ,3.531 ,76.269 ,20.200 ,6.531 ,10.811 ,6.342 ,12.326 ,-0.210 ,1.045 ,1.729 ,clay silt217#,434 ,,0 ,5.850 ,70.507 ,23.643 ,6.612 ,10.221 ,6.493 ,11.102 ,-0.130 ,0.985 ,1.877 ,clay silt218#,436 ,,0 ,3.007 ,74.754 ,22.240 ,6.693 ,9.665 ,6.539 ,10.753 ,-0.175 ,1.044 ,1.717 ,clay silt219#,438 ,,0 ,4.976 ,73.120 ,21.904 ,6.605 ,10.272 ,6.451 ,11.430 ,-0.162 ,1.046 ,1.801 ,clay silt220#,440 ,,0 ,3.881 ,73.668 ,22.451 ,6.633 ,10.076 ,6.458 ,11.373 ,-0.186 ,1.020 ,1.789 ,clay silt221#,442 ,,0 ,2.250 ,76.171 ,21.579 ,6.650 ,9.957 ,6.443 ,11.491 ,-0.229 ,1.045 ,1.717 ,clay silt222#,444 ,,0 ,1.024 ,73.895 ,25.081 ,6.969 ,7.982 ,6.804 ,8.948 ,-0.195 ,1.060 ,1.621 ,clay silt223#,446 ,,0 ,1.926 ,73.592 ,24.481 ,6.866 ,8.571 ,6.711 ,9.548 ,-0.177 ,1.046 ,1.695 ,clay silt224#,448 ,,0 ,2.643 ,75.803 ,21.554 ,6.650 ,9.956 ,6.459 ,11.369 ,-0.214 ,1.052 ,1.720 ,clay silt225#,450 ,,0 ,3.904 ,75.122 ,20.974 ,6.574 ,10.499 ,6.387 ,11.952 ,-0.201 ,1.050 ,1.755 ,clay silt226#,452 ,,0 ,2.123 ,75.457 ,22.420 ,6.683 ,9.732 ,6.481 ,11.196 ,-0.222 ,1.021 ,1.727 ,clay silt227#,454 ,,0 ,3.908 ,71.774 ,24.318 ,6.729 ,9.426 ,6.597 ,10.329 ,-0.149 ,1.007 ,1.822 ,clay silt228#,456 ,,0 ,4.247 ,71.653 ,24.100 ,6.695 ,9.650 ,6.561 ,10.588 ,-0.148 ,0.998 ,1.831 ,clay silt229#,458 ,,0 ,4.507 ,73.227 ,22.266 ,6.615 ,10.204 ,6.446 ,11.471 ,-0.177 ,1.031 ,1.807 ,clay silt230#,460 ,,0 ,3.475 ,74.372 ,22.153 ,6.643 ,10.003 ,6.461 ,11.354 ,-0.196 ,1.035 ,1.766 ,clay silt231#,462 ,,0 ,1.325 ,77.382 ,21.293 ,6.650 ,9.957 ,6.418 ,11.695 ,-0.258 ,1.037 ,1.679 ,clay silt232#,464 ,,0 ,4.179 ,69.962 ,25.859 ,6.792 ,9.024 ,6.677 ,9.774 ,-0.129 ,0.997 ,1.862 ,clay silt233#,466 ,,0 ,2.126 ,72.679 ,25.195 ,6.797 ,8.995 ,6.639 ,10.034 ,-0.177 ,0.978 ,1.775 ,clay silt234#,468 ,,0 ,2.113 ,70.030 ,27.858 ,6.953 ,8.070 ,6.833 ,8.769 ,-0.140 ,0.986 ,1.797 ,clay silt235#,470 ,,0 ,5.269 ,70.832 ,23.899 ,6.662 ,9.878 ,6.547 ,10.692 ,-0.128 ,1.001 ,1.858 ,clay silt236#,472 ,,0 ,4.169 ,73.792 ,22.039 ,6.631 ,10.088 ,6.466 ,11.309 ,-0.177 ,1.046 ,1.784 ,clay silt237#,474 ,,0 ,4.234 ,74.104 ,21.662 ,6.605 ,10.270 ,6.438 ,11.535 ,-0.180 ,1.044 ,1.777 ,clay silt238#,476 ,,0 ,3.409 ,74.265 ,22.326 ,6.661 ,9.885 ,6.490 ,11.129 ,-0.186 ,1.034 ,1.761 ,clay silt239#,478 ,,0 ,2.769 ,75.389 ,21.843 ,6.672 ,9.810 ,6.496 ,11.083 ,-0.198 ,1.050 ,1.718 ,clay silt240#,480 ,,0 ,2.777 ,72.455 ,24.768 ,6.836 ,8.752 ,6.674 ,9.792 ,-0.173 ,1.039 ,1.761 ,clay silt241#,482 ,,0 ,3.189 ,74.064 ,22.747 ,6.658 ,9.901 ,6.475 ,11.242 ,-0.197 ,1.014 ,1.784 ,clay silt242#,484 ,,0 ,3.184 ,74.771 ,22.045 ,6.655 ,9.925 ,6.491 ,11.116 ,-0.184 ,1.035 ,1.742 ,clay silt243#,486 ,,0 ,3.716 ,75.447 ,20.837 ,6.550 ,10.674 ,6.333 ,12.403 ,-0.228 ,1.053 ,1.777 ,clay silt244#,488 ,,0 ,2.879 ,75.194 ,21.928 ,6.658 ,9.906 ,6.473 ,11.256 ,-0.204 ,1.043 ,1.737 ,clay silt
